{
  "metrics_default_threshold": {
    "auc_roc": 0.9642866961217477,
    "auc_pr": 0.9396371462806934,
    "f1_score": 0.9177489177489178,
    "precision": 1.0,
    "recall": 0.848,
    "accuracy": 0.9671090594345066,
    "brier_score": 0.030184268951416016,
    "threshold": 0.5,
    "confusion_matrix": [
      [
        1358,
        0
      ],
      [
        57,
        318
      ]
    ],
    "true_negatives": 1358,
    "false_positives": 0,
    "false_negatives": 57,
    "true_positives": 318,
    "specificity": 1.0,
    "npv": 0.9597173144876325
  },
  "metrics_optimal_threshold": {
    "auc_roc": 0.9642866961217477,
    "auc_pr": 0.9396371462806934,
    "f1_score": 0.9177489177489178,
    "precision": 1.0,
    "recall": 0.848,
    "accuracy": 0.9671090594345066,
    "brier_score": 0.030184268951416016,
    "threshold": 0.9447882771492004,
    "confusion_matrix": [
      [
        1358,
        0
      ],
      [
        57,
        318
      ]
    ],
    "true_negatives": 1358,
    "false_positives": 0,
    "false_negatives": 57,
    "true_positives": 318,
    "specificity": 1.0,
    "npv": 0.9597173144876325
  },
  "optimal_threshold": 0.9447882771492004,
  "training_history": {
    "train_loss": [
      0.12963540033021345,
      0.12741319061967402,
      0.10786225078369789,
      0.10839532165173367,
      0.1069089618323761,
      0.10696747445909992,
      0.10763167552355485,
      0.10819929293375241,
      0.106835007840554,
      0.10738767013542737,
      0.10760128871342646,
      0.10729275942732223,
      0.10725459712281411,
      0.10704381832035752,
      0.10707742215793123,
      0.10779342059554024,
      0.10830792822606361,
      0.13452336911421284,
      0.10802009081460624,
      0.1068295672933457,
      0.10851521351606597,
      0.10758467106582972,
      0.10707189310194828,
      0.1086016820463915,
      0.10670374225633653,
      0.10838271606448494,
      0.10737681447384739,
      0.10643263804273526,
      0.10597181881560756,
      0.10618233739622968
    ],
    "val_loss": [
      0.11667091441764073,
      0.11841091218150475,
      0.11381112306632779,
      0.1136939983476292,
      0.11874279567802494,
      0.11490985156798905,
      0.11860252210701054,
      0.1139755364168774,
      0.113526377691464,
      0.11530468197200786,
      0.11774092250588265,
      0.11382724656300111,
      0.11368838999081742,
      0.11331774446774613,
      0.11366634910756891,
      0.11304143633354793,
      0.1154505093158646,
      0.1153391762890599,
      0.11483064661310478,
      0.11393936479633504,
      0.11397774470123377,
      0.11306950019841844,
      0.11316294744610786,
      0.11403155841610649,
      0.11536459301344373,
      0.11330542410300537,
      0.11317433298311451,
      0.11338548458773981,
      0.11450454040684484,
      0.11308890703049573
    ],
    "val_auc": [
      0.9624714368194645,
      0.9634716563798558,
      0.9633334146519967,
      0.9633476454180998,
      0.9633578102510307,
      0.9627743488408025,
      0.9630874256950712,
      0.963790832133883,
      0.9640734144893595,
      0.9631260520602084,
      0.9631687443585176,
      0.9633049531197906,
      0.963046766363348,
      0.964107974921324,
      0.9647198978637588,
      0.962993909232108,
      0.9627235246761485,
      0.9626950631439422,
      0.9628759971701105,
      0.9619652281395102,
      0.9630366015304174,
      0.9628658323371798,
      0.9630142388979694,
      0.96317281029169,
      0.9637054475372642,
      0.9629817114325909,
      0.9613797337626959,
      0.9635041838452343,
      0.9634025355159263,
      0.9624714368194646
    ]
  },
  "uncertainty_stats": {
    "mean": 0.11350534856319427,
    "std": 0.01637456938624382,
    "min": 0.1000002920627594,
    "max": 0.1444053202867508,
    "high_variance_count": 0,
    "high_variance_rate": 0.0
  },
  "dataset_stats": {
    "n_samples": 1733,
    "n_positive": 375,
    "n_negative": 1358,
    "positive_rate": 0.2163877636194229
  }
}