{
  "cohort": {
    "n_patients": 42951,
    "n_admissions": 166062,
    "mortality_rate": 0.04285146511543881,
    "median_los_hours": 101.76666666666667
  },
  "vitals": {
    "n_records": 795956,
    "n_patients": 220,
    "records_per_patient": 3617.981818181818,
    "missing_rate": 0.0
  },
  "time_gaps": {
    "mean_delta_t": 2.8751863293926605,
    "median_delta_t": 0.0,
    "std_delta_t": 16.50025034207615
  },
  "medications": {
    "n_prescriptions": 10538716,
    "n_patients": 42923,
    "unique_drugs": 6817,
    "vasopressor_patients": 24613
  },
  "generated_at": "2026-01-13T14:15:33.498426"
}