{
  "mean_importance": 0.005154803395271301,
  "std_importance": 0.008188502863049507,
  "n_samples": 3408,
  "physio_features": [
    220045,
    220179,
    220180,
    220210,
    220277,
    223761,
    220621,
    225664
  ]
}