{
  "mean_importance": 0.0014491935726255178,
  "std_importance": 0.0017560813575983047,
  "n_samples": 3408,
  "physio_features": [
    220045,
    220179,
    220180,
    220210,
    220277,
    223761,
    220621,
    225664
  ]
}