{
  "mean_importance": 0.002562490291893482,
  "std_importance": 0.002479651477187872,
  "n_samples": 344,
  "physio_features": [
    220045,
    220179,
    220180,
    220210,
    220277,
    223761
  ]
}