{
  "mean_importance": 0.004826796241104603,
  "std_importance": 0.005755260586738586,
  "n_samples": 199,
  "physio_features": [
    220045,
    220179,
    220180,
    220210,
    220277,
    223761,
    220621,
    225664
  ]
}