{
  "mean_importance": 0.01656731776893139,
  "std_importance": 0.025063220411539078,
  "n_samples": 3857,
  "physio_features": [
    220045,
    220179,
    220180,
    220210,
    220277,
    223761,
    220621,
    225664
  ]
}