{
  "test_accuracy": 0.9662950479647394,
  "test_f1": 0.8552338530066815,
  "test_auroc": 0.9722147213404111,
  "test_auprc": 0.9104020034827582,
  "test_brier": 0.03140697628259659,
  "mean_uncertainty": 22.449954986572266,
  "best_val_auprc": 0.9062849046300787,
  "n_parameters": 276506,
  "epochs_trained": 0,
  "xai": {
    "n_high_risk": 453,
    "n_counterfactuals_generated": 5,
    "validity": 0.0,
    "avg_proximity": 16.201256370544435,
    "avg_sparsity": 121.2
  }
}