{
  "test_accuracy": 0.9045226130653267,
  "test_f1": 0.42424242424242425,
  "test_auroc": 0.8814285714285715,
  "test_auprc": 0.5895989403879272,
  "test_brier": 0.07732550799846649,
  "mean_uncertainty": 0.566107451915741,
  "best_val_auprc": 0.733586762864956,
  "n_parameters": 331234,
  "epochs_trained": 5,
  "xai": {
    "n_high_risk": 9,
    "n_counterfactuals_generated": 5,
    "validity": 0.0,
    "avg_proximity": 20.037955856323244,
    "avg_sparsity": 121.0
  }
}